,image_name,Pprompt,Nprompt,illusion_strength,label,gpt-4o
585,IllusionAnimals_586,A serene lake with lush forest and mountains,low quality,2.5,horse,'elephant'
33,IllusionAnimals_34,Fox darting through pristine snow,low quality,2.5,cat,'horse'
439,IllusionAnimals_440,A vast green meadowland with a cottage in the distance,low quality,2.5,elephant,'cat'
494,IllusionAnimals_495,"A hazy sky reflects on a tranquil lake, moonlight bathing the surrounding mountains",low quality,2.5,elephant,No illusion
591,IllusionAnimals_592,A train on a bridge over a deep valley,low quality,2.5,horse,'No illusion'
15,IllusionAnimals_16,Mesmerizing Milky Way galaxy twinkling brightly,low quality,2.5,cat,'fish'
211,IllusionAnimals_212,A bustling carnival with colorful lights and rides,low quality,2.5,pigeon,No illusion
473,IllusionAnimals_474,A whimsical carnival with colorful tents and a merry-go-round,low quality,2.5,elephant,'No illusion'
832,IllusionAnimals_833,Serene Japanese garden with cherry blossoms and koi pond,low quality,2.5,fish,'fish'
503,IllusionAnimals_504,"Gentle waves lap sandy shores, seagulls soar above, salty spray fills the air",low quality,2.5,horse,'No illusion'
843,IllusionAnimals_844,Frosted autumn leaf on fire-weed plant,low quality,2.5,fish,'No illusion'
284,IllusionAnimals_285,A vibrant field of wildflowers blowing in the wind,low quality,2.5,pigeon,'No illusion'
669,IllusionAnimals_670,Elk bugling in crisp autumn air,low quality,2.5,deer,'deer'
830,IllusionAnimals_831,A starry night sky with a crescent moon and silhouette of a tree,low quality,2.5,fish,'cat'
164,IllusionAnimals_165,A fantasy castle with a moat and drawbridge,low quality,2.5,dog,'No illusion'
35,IllusionAnimals_36,A majestic iceberg floating in a frigid arctic sea,low quality,2.5,cat,'elephant'
533,IllusionAnimals_534,Mountain goats traversing rugged terrain,low quality,2.5,horse,'No illusion'
501,IllusionAnimals_502,A thunderstorm brewing over a field of wildflowers,low quality,2.5,horse,'No illusion'
335,IllusionAnimals_336,Kangaroo bounding powerfully across Outback expanse,low quality,2.5,butterfly,'deer'
77,IllusionAnimals_78,A cozy fireplace crackling in a rustic log cabin,low quality,2.5,cat,'elephant'
255,IllusionAnimals_256,Sandy dunes meet turquoise seas under a stormy sky,low quality,2.5,pigeon,dog
975,IllusionAnimals_976,A haunted mansion with crumbling walls and overgrown gardens,low quality,2.5,rooster,'horse'
978,IllusionAnimals_979,Wildflower superbloom covering Californian desert,low quality,2.5,rooster,'Fish'
763,IllusionAnimals_764,A grand ballroom filled with elegantly dressed dancers,low quality,2.5,snake,'No illusion'
369,IllusionAnimals_370,Clouds parting to reveal brilliant sunlight,low quality,2.5,butterfly,'elephant'
45,IllusionAnimals_46,"Golden light paints meadow grass, mountains rise imposingly, river reflects rainbow hues",low quality,2.5,cat,No illusion
430,IllusionAnimals_431,Fire tornado ripping through California wildfires,low quality,2.5,elephant,'elephant'
880,IllusionAnimals_881,A small house near seashore,low quality,2.5,fish,'elephant'
142,IllusionAnimals_143,"Silent mountains embrace turquoise lake, sunlight paints ripples",low quality,2.5,dog,'No illusion'
617,IllusionAnimals_618,A futuristic city with flying cars and skyscrapers,low quality,2.5,deer,No illusion
363,IllusionAnimals_364,Old stone bridge over crystal clear mountain stream,low quality,2.5,butterfly,'cat'
390,IllusionAnimals_391,A nostalgic drive-in movie theater under the stars,low quality,2.5,butterfly,No illusion
431,IllusionAnimals_432,"A beach with umbrella, sun and ocean",low quality,2.5,elephant,'Elephant'
290,IllusionAnimals_291,A lovely wedding reception held in elegant hall,low quality,2.5,pigeon,'horse'
846,IllusionAnimals_847,"Electrified waterfalls cascade, neon rivers reflect rainbow shades, luminous birds serenade",low quality,2.5,fish,'No illusion'
691,IllusionAnimals_692,A bear fishing in a river at sunset,low quality,2.5,deer,'No illusion'
268,IllusionAnimals_269,Beautiful butterfly alighting on delicate flower petals,low quality,2.5,pigeon,'butterfly'
467,IllusionAnimals_468,Cherry Blossoms fluttering softly,low quality,2.5,elephant,'snake'
178,IllusionAnimals_179,Bioluminescent plankton glowing in the surf,low quality,2.5,dog,'No illusion'
702,IllusionAnimals_703,"Flowing lava illuminates cavern walls, ancient hieroglyphs etched into rock",low quality,2.5,snake,'elephant'
310,IllusionAnimals_311,"City skyline reflected in a pool of water, neon lights shimmering",low quality,2.5,butterfly,'cat'
677,IllusionAnimals_678,Swallows swooping low over tranquil pond,low quality,2.5,deer,'cat'
371,IllusionAnimals_372,A field of wild lupine flowers stretching out to the horizon,low quality,2.5,butterfly,'No illusion'
136,IllusionAnimals_137,Vintage carnival with Ferris wheel against twilight sky,low quality,2.5,dog,'No illusion'
962,IllusionAnimals_963,A sunny meadow with purple flowers and green grass,low quality,2.5,rooster,'elephant'
786,IllusionAnimals_787,A peaceful field with a wooden fence and blooming flowers,low quality,2.5,snake,'deer'
972,IllusionAnimals_973,"A majestic sunrise illuminates the mountains, casting long shadows over valleys below",low quality,2.5,rooster,'No illusion'
245,IllusionAnimals_246,A colorful hot air balloon floating over a patchwork landscape,low quality,2.5,pigeon,'Deer'
450,IllusionAnimals_451,Osprey dive-bombing for fish in wetlands,low quality,2.5,elephant,'pigeon'
628,IllusionAnimals_629,Cobbled street lined with ivy-clad buildings,low quality,2.5,deer,'cat'
384,IllusionAnimals_385,A charming cottage covered in ivy with a thatched roof,low quality,2.5,butterfly,'cat'
974,IllusionAnimals_975,A busy marketplace filled with colorful stalls,low quality,2.5,rooster,'fish'
596,IllusionAnimals_597,An arctic fox in a snowy tundra,low quality,2.5,horse,'No illusion'
4,IllusionAnimals_5,"Dense forest canopy, sunlight filters through, river winds through valleys",low quality,2.5,cat,No illusion
241,IllusionAnimals_242,A desert with camels and pyramids,low quality,2.5,pigeon,'elephant'
137,IllusionAnimals_138,Gentle hummingbird hovering near sweet nectar,low quality,2.5,dog,'pigeon'
199,IllusionAnimals_200,Colorful coral reef teeming with exotic marine life,low quality,2.5,dog,'fish'
931,IllusionAnimals_932,A tranquil park with a babbling brook,low quality,2.5,rooster,'elephant'
959,IllusionAnimals_960,A mysterious cave entrance hidden behind a waterfall,low quality,2.5,rooster,'cat'
549,IllusionAnimals_550,Jellyfish undulating rhythmically,low quality,2.5,horse,'fish'
374,IllusionAnimals_375,A vibrant meadow with blooming flowers,low quality,2.5,butterfly,'elephant'
790,IllusionAnimals_791,Shark fin slicing smoothly through deep blue sea,low quality,2.5,snake,'fish'
919,IllusionAnimals_920,A peaceful pagoda overlooking a serene pond,low quality,2.5,rooster,'No illusion'
952,IllusionAnimals_953,A fields of golden wheat swaying in the breeze under a blue sky,low quality,2.5,rooster,'elephant'
321,IllusionAnimals_322,"Space station orbits Earth, glowing city lights twinkle below clouds",low quality,2.5,butterfly,'cat'
682,IllusionAnimals_683,"Tropical river meets sandstone canyon, green vines climb towering walls",low quality,2.5,deer,'elephant'
562,IllusionAnimals_563,A hauntingly beautiful graveyard shrouded in fog,low quality,2.5,horse,'cat'
461,IllusionAnimals_462,Baby turtle emerging from its shell into ocean waves,low quality,2.5,elephant,'fish'
446,IllusionAnimals_447,A classic car driving along a coastal highway,low quality,2.5,elephant,'elephant'
481,IllusionAnimals_482,Sloth hanging nonchalantly from branch in Central America,low quality,2.5,elephant,'cat'
66,IllusionAnimals_67,A joyous birthday celebration with candles and cake,low quality,2.5,cat,'No illusion'
668,IllusionAnimals_669,A bear fishing in a river at sunset,low quality,2.5,deer,'No illusion'
598,IllusionAnimals_599,A peaceful rice terrace overlooking a tranquil valley,low quality,2.5,horse,'elephant'
332,IllusionAnimals_333,A winter solstice bonfire warming hearts,low quality,2.5,butterfly,'deer'
864,IllusionAnimals_865,A vast savanna with a herd of elephants,low quality,2.5,fish,'elephant'
513,IllusionAnimals_514,Tranquil forest with birds singing in the canopy,low quality,2.5,horse,'No illusion'
160,IllusionAnimals_161,Mesmerizing Milky Way galaxy twinkling brightly,low quality,2.5,dog,'cat'
862,IllusionAnimals_863,A starry night sky over a calm ocean,low quality,2.5,fish,'fish'
229,IllusionAnimals_230,"Golden light paints meadow grass, mountains rise imposingly, river reflects rainbow hues",low quality,2.5,pigeon,'deer'
422,IllusionAnimals_423,Lenticular clouds hovering above Andean peaks,low quality,2.5,elephant,'elephant'
244,IllusionAnimals_245,A colorful hot air balloon festival filling the sky with hues,low quality,2.5,pigeon,'fish'
37,IllusionAnimals_38,"Electrified waterfalls cascade, neon rivers reflect rainbow shades, luminous birds serenade",low quality,2.5,cat,'deer'
32,IllusionAnimals_33,A majestic iceberg floating in a frigid arctic sea,low quality,2.5,cat,'elephant'
508,IllusionAnimals_509,A Labor Day picnic spending quality time,low quality,2.5,horse,'cat'
308,IllusionAnimals_309,A Guru Nanak Jayanti langar serving equality,low quality,2.5,butterfly,'elephant'
837,IllusionAnimals_838,Black bear foraging berries in Canadian forests,low quality,2.5,fish,'bear'
621,IllusionAnimals_622,A starry night sky over a tranquil lake,low quality,2.5,deer,'No illusion'
673,IllusionAnimals_674,"Sunset over calm ocean, with silhouette of palm trees",low quality,2.5,deer,'No illusion'
73,IllusionAnimals_74,A thrilling rodeo showcase featuring skilled cowboys,low quality,2.5,cat,'horse'
546,IllusionAnimals_547,"Golden waves meet silver foam, city lights reflect in gentle glow, birds dance in silent storm",low quality,2.5,horse,'horse'
875,IllusionAnimals_876,A vast desert landscape with towering sand dunes,low quality,2.5,fish,'snake'
82,IllusionAnimals_83,A serene pagoda amid a peaceful Zen garden,low quality,2.5,cat,'deer'
153,IllusionAnimals_154,A spooky haunted house with creaking doors and ghostly figures,low quality,2.5,dog,'No illusion'
393,IllusionAnimals_394,A charming vineyard with rows of grapevines stretching towards the horizon,low quality,2.5,butterfly,'elephant'
580,IllusionAnimals_581,A lone sailboat drifting peacefully on calm waters,low quality,2.5,horse,'fish'
383,IllusionAnimals_384,A surreal landscape with floating islands,low quality,2.5,butterfly,'fish'
615,IllusionAnimals_616,"Spiral staircase ascends towering crystal tower, city lights twinkle below",low quality,2.5,deer,'cat'
907,IllusionAnimals_908,Tropical storm forming off distant Caribbean island,low quality,2.5,rooster,'elephant'
115,IllusionAnimals_116,A distant futuristic city with floating buildings,low quality,2.5,dog,'No illusion'
794,IllusionAnimals_795,A vast desert under the twilight sky,low quality,2.5,snake,'deer'
